{
  "project_info": {
    "project_number": "510367090415",
    "project_id": "phoneauth-e4945",
    "storage_bucket": "phoneauth-e4945.appspot.com"
  },
  "client": [
    {
      "client_info": {
        "mobilesdk_app_id": "1:510367090415:android:e48b15c6406f6af7073d1a",
        "android_client_info": {
          "package_name": "com.example.phoneauth"
        }
      },
      "oauth_client": [
        {
          "client_id": "510367090415-jfp8hhlss0n4gudlbk1vnfq4je7o75j6.apps.googleusercontent.com",
          "client_type": 3
        }
      ],
      "api_key": [
        {
          "current_key": "AIzaSyDInH0oKjqHVcdUrJRQoQyjIOruSWtIwqo"
        }
      ],
      "services": {
        "appinvite_service": {
          "other_platform_oauth_client": [
            {
              "client_id": "510367090415-jfp8hhlss0n4gudlbk1vnfq4je7o75j6.apps.googleusercontent.com",
              "client_type": 3
            }
          ]
        }
      }
    }
  ],
  "configuration_version": "1"
}